The HitchHiker's Guide to the Galaxy,Doughlas Adams,1233,newyork,2001,1,-,-
The Philosopher's stone,JK Rowling,1234,newyork,2002,1,-,-
The Chamber of Secrets,JK Rowling,1235,newyork,2003,1,-,-
The Prizoner of Azkaban,JK Rowling,1236,newyork,2004,1,-,-
The Goblet of Fire,JK Rowling,1237,newyork,2005,1,-,-
The Order of the Phoenix,JK Rowling,1238,newyork,2006,1,-,-
The Half-Blood Prince,JK Rowling,1239,newyork,2007,1,-,-
The Deathly Hallows,JK Rowling,1240,newyork,2008,1,-,-
Atomic habits,Damon,1241,NY,2009,1,-,-
The Art of Saying No,Damon Zahariades,1242,newyork,2010,1,-,-
